{
  "GET /api/v1/health" : {
    "transaction" : "GET /api/v1/health",
    "sampleCount" : 100,
    "errorCount" : 0,
    "errorPct" : 0.0,
    "meanResTime" : 1.91,
    "medianResTime" : 1.5,
    "minResTime" : 1.0,
    "maxResTime" : 8.0,
    "pct1ResTime" : 3.9000000000000057,
    "pct2ResTime" : 4.949999999999989,
    "pct3ResTime" : 8.0,
    "throughput" : 22.036139268400177,
    "receivedKBytesPerSec" : 3.4861860951961217,
    "sentKBytesPerSec" : 8.88762257602468
  },
  "GET /api/v1/habitaciones/disponibilidad" : {
    "transaction" : "GET /api/v1/habitaciones/disponibilidad",
    "sampleCount" : 600,
    "errorCount" : 0,
    "errorPct" : 0.0,
    "meanResTime" : 4.8483333333333345,
    "medianResTime" : 5.0,
    "minResTime" : 4.0,
    "maxResTime" : 12.0,
    "pct1ResTime" : 6.0,
    "pct2ResTime" : 6.0,
    "pct3ResTime" : 8.0,
    "throughput" : 17.564402810304447,
    "receivedKBytesPerSec" : 12.504345360070259,
    "sentKBytesPerSec" : 8.319077502927401
  },
  "GET /api/v1/huespedes/" : {
    "transaction" : "GET /api/v1/huespedes/",
    "sampleCount" : 1600,
    "errorCount" : 0,
    "errorPct" : 0.0,
    "meanResTime" : 3.311249999999999,
    "medianResTime" : 3.0,
    "minResTime" : 2.0,
    "maxResTime" : 11.0,
    "pct1ResTime" : 4.0,
    "pct2ResTime" : 5.0,
    "pct3ResTime" : 6.0,
    "throughput" : 17.03106039639793,
    "receivedKBytesPerSec" : 21.455144444680986,
    "sentKBytesPerSec" : 6.9355001809550165
  },
  "POST /api/v1/auth/login" : {
    "transaction" : "POST /api/v1/auth/login",
    "sampleCount" : 1,
    "errorCount" : 0,
    "errorPct" : 0.0,
    "meanResTime" : 225.0,
    "medianResTime" : 225.0,
    "minResTime" : 225.0,
    "maxResTime" : 225.0,
    "pct1ResTime" : 225.0,
    "pct2ResTime" : 225.0,
    "pct3ResTime" : 225.0,
    "throughput" : 4.444444444444445,
    "receivedKBytesPerSec" : 1.9661458333333333,
    "sentKBytesPerSec" : 1.2977430555555556
  },
  "Total" : {
    "transaction" : "Total",
    "sampleCount" : 5601,
    "errorCount" : 0,
    "errorPct" : 0.0,
    "meanResTime" : 5.37457596857704,
    "medianResTime" : 4.0,
    "minResTime" : 1.0,
    "maxResTime" : 225.0,
    "pct1ResTime" : 9.0,
    "pct2ResTime" : 9.899999999999636,
    "pct3ResTime" : 14.979999999999563,
    "throughput" : 59.13093051244695,
    "receivedKBytesPerSec" : 109.29137741562151,
    "sentKBytesPerSec" : 24.527975203094318
  },
  "GET /api/v1/servicios/" : {
    "transaction" : "GET /api/v1/servicios/",
    "sampleCount" : 100,
    "errorCount" : 0,
    "errorPct" : 0.0,
    "meanResTime" : 3.09,
    "medianResTime" : 3.0,
    "minResTime" : 2.0,
    "maxResTime" : 5.0,
    "pct1ResTime" : 4.0,
    "pct2ResTime" : 4.0,
    "pct3ResTime" : 5.0,
    "throughput" : 22.05071664829107,
    "receivedKBytesPerSec" : 21.25396223814774,
    "sentKBytesPerSec" : 8.979637541345094
  },
  "GET /api/v1/reservas/" : {
    "transaction" : "GET /api/v1/reservas/",
    "sampleCount" : 1600,
    "errorCount" : 0,
    "errorPct" : 0.0,
    "meanResTime" : 8.03999999999999,
    "medianResTime" : 8.0,
    "minResTime" : 6.0,
    "maxResTime" : 39.0,
    "pct1ResTime" : 9.0,
    "pct2ResTime" : 10.0,
    "pct3ResTime" : 11.0,
    "throughput" : 17.03033528472592,
    "receivedKBytesPerSec" : 59.48975518893028,
    "sentKBytesPerSec" : 6.918573709419904
  },
  "GET /api/v1/habitaciones/" : {
    "transaction" : "GET /api/v1/habitaciones/",
    "sampleCount" : 1600,
    "errorCount" : 0,
    "errorPct" : 0.0,
    "meanResTime" : 5.191875000000002,
    "medianResTime" : 4.0,
    "minResTime" : 3.0,
    "maxResTime" : 25.0,
    "pct1ResTime" : 9.0,
    "pct2ResTime" : 13.0,
    "pct3ResTime" : 16.0,
    "throughput" : 17.02979149149043,
    "receivedKBytesPerSec" : 23.49911657956638,
    "sentKBytesPerSec" : 6.98487541643162
  }
}